{"stats":{"minecraft:custom":{"minecraft:jump":79,"minecraft:time_since_rest":3349,"minecraft:leave_game":1,"minecraft:damage_taken":50,"minecraft:sprint_one_cm":4697,"minecraft:play_time":3349,"minecraft:time_since_death":3349,"minecraft:walk_one_cm":7540,"minecraft:total_world_time":3349,"minecraft:fall_one_cm":3979,"minecraft:fly_one_cm":14117},"minecraft:used":{"minecraft:coarse_dirt":3},"minecraft:mined":{"minecraft:spruce_leaves":5,"minecraft:spruce_log":2,"minecraft:coarse_dirt":3},"minecraft:picked_up":{"minecraft:spruce_sapling":1,"minecraft:stick":2,"minecraft:coarse_dirt":3,"minecraft:spruce_log":2}},"DataVersion":3700}