{"stats":{"minecraft:used":{"minecraft:coarse_dirt":3},"minecraft:mined":{"minecraft:spruce_leaves":5,"minecraft:spruce_log":2,"minecraft:coarse_dirt":3},"minecraft:custom":{"minecraft:jump":93,"minecraft:time_since_rest":3961,"minecraft:damage_taken":50,"minecraft:play_time":3961,"minecraft:walk_one_cm":10513,"minecraft:leave_game":2,"minecraft:sprint_one_cm":4979,"minecraft:time_since_death":3961,"minecraft:total_world_time":3961,"minecraft:fall_one_cm":4188,"minecraft:fly_one_cm":15105},"minecraft:picked_up":{"minecraft:stick":2,"minecraft:coarse_dirt":3,"minecraft:spruce_sapling":1,"minecraft:spruce_log":2}},"DataVersion":3700}