{"stats":{"minecraft:mined":{"minecraft:spruce_leaves":5,"minecraft:spruce_log":2,"minecraft:coarse_dirt":3},"minecraft:picked_up":{"minecraft:stick":2,"minecraft:coarse_dirt":3,"minecraft:spruce_sapling":1,"minecraft:spruce_log":2},"minecraft:used":{"minecraft:coarse_dirt":3},"minecraft:custom":{"minecraft:jump":96,"minecraft:time_since_rest":4410,"minecraft:damage_taken":50,"minecraft:play_time":4410,"minecraft:walk_one_cm":10607,"minecraft:leave_game":3,"minecraft:sprint_one_cm":4979,"minecraft:time_since_death":4410,"minecraft:total_world_time":4410,"minecraft:fall_one_cm":4188,"minecraft:fly_one_cm":15105}},"DataVersion":3700}